lambda,risk,relative_score,rank
0.0,GOV,0.8,4
0.0,CONN,1.0,1
0.0,SKILL,0.9975866666666666,2
0.0,AFFORD,0.0882352941176469,6
0.0,TRUST,0.6666666666666667,5
0.0,ADOPT,0.9472571428571428,3
0.01,GOV,0.8039003332909676,4
0.01,CONN,1.0,1
0.01,SKILL,0.9987046697709661,2
0.01,AFFORD,0.0929057912043398,6
0.01,TRUST,0.6689803143227009,5
0.01,ADOPT,0.9450059889680157,3
0.02,GOV,0.8077948264504486,4
0.02,CONN,1.0,1
0.02,SKILL,0.9998253432596808,2
0.02,AFFORD,0.09758740256829256,6
0.02,TRUST,0.6712930886001734,5
0.02,ADOPT,0.9427420068186853,3
0.03,GOV,0.8109142523251419,4
0.03,CONN,0.9990522504878823,2
0.03,SKILL,1.0,1
0.03,AFFORD,0.10218315116900109,6
0.03,TRUST,0.6729665409334216,5
0.03,ADOPT,0.939573915270011,3
0.04,GOV,0.8138780446890076,4
0.04,CONN,0.997929747137661,2
0.04,SKILL,1.0,1
0.04,AFFORD,0.10676232011597463,6
0.04,TRUST,0.6745165414898531,5
0.04,ADOPT,0.936233473888038,3
0.05,GOV,0.8168274151071938,4
0.05,CONN,0.9968072235028713,2
0.05,SKILL,1.0,1
0.05,AFFORD,0.11134188288759213,6
0.05,TRUST,0.6760603519252433,5
0.05,ADOPT,0.932885498198812,3
0.06,GOV,0.8197624626651027,4
0.06,CONN,0.9956847250634955,2
0.06,SKILL,1.0,1
0.06,AFFORD,0.11592176670749728,6
0.06,TRUST,0.6775979680033379,5
0.06,ADOPT,0.9295301171520953,3
0.07,GOV,0.8226832854400811,4
0.07,CONN,0.9945622964906903,2
0.07,SKILL,1.0,1
0.07,AFFORD,0.12050189980477075,6
0.07,TRUST,0.6791293859311016,5
0.07,ADOPT,0.9261674581523135,3
0.08,GOV,0.8255899805155582,4
0.08,CONN,0.993439981660627,2
0.08,SKILL,1.0,1
0.08,AFFORD,0.1250822113993124,6
0.08,TRUST,0.6806546023501171,5
0.08,ADOPT,0.9227976470799113,3
0.09,GOV,0.8284826439949391,4
0.09,CONN,0.9923178236680582,2
0.09,SKILL,1.0,1
0.09,AFFORD,0.12966263168747805,6
0.09,TRUST,0.6821736143281436,5
0.09,ADOPT,0.9194208083123461,3
0.1,GOV,0.8313613710152506,4
0.1,CONN,0.9911958648396314,2
0.1,SKILL,1.0,1
0.1,AFFORD,0.1342430918279654,6
0.1,TRUST,0.6836864193508279,5
0.1,ADOPT,0.9160370647447226,3
0.11,GOV,0.8342262557605565,4
0.11,CONN,0.9900741467469429,2
0.11,SKILL,1.0,1
0.11,AFFORD,0.13882352392794395,6
0.11,TRUST,0.6851930153135659,5
0.11,ADOPT,0.9126465378100781,3
0.12,GOV,0.8370773914751377,4
0.12,CONN,0.9889527102193518,2
0.12,SKILL,1.0,1
0.12,AFFORD,0.1434038610294246,6
0.12,TRUST,0.686693400513519,5
0.12,ADOPT,0.909249347499329,3
0.13,GOV,0.8399148704764466,4
0.13,CONN,0.9878315953565443,2
0.13,SKILL,1.0,1
0.13,AFFORD,0.14798403709586302,6
0.13,TRUST,0.6881875736417682,5
0.13,ADOPT,0.9058456123808768,3
0.14,GOV,0.842738784167837,4
0.14,CONN,0.9867108415408626,2
0.14,SKILL,1.0,1
0.14,AFFORD,0.152563986998992,6
0.14,TRUST,0.6896755337756163,5
0.14,ADOPT,0.9024354496198923,3
0.15,GOV,0.8455492230510746,4
0.15,CONN,0.9855904874494018,2
0.15,SKILL,1.0,1
0.15,AFFORD,0.15714364650587911,6
0.15,TRUST,0.6911572803710258,5
0.15,ADOPT,0.8990189749972679,3
0.16,GOV,0.8483462767386395,4
0.16,CONN,0.9844705710658828,2
0.16,SKILL,1.0,1
0.16,AFFORD,0.16172295226620403,6
0.16,TRUST,0.6926328132551993,5
0.16,ADOPT,0.8955963029282693,3
0.17,GOV,0.8511300339658117,4
0.17,CONN,0.9833511296922963,2
0.17,SKILL,1.0,1
0.17,AFFORD,0.16630184179975183,6
0.17,TRUST,0.6941021326192892,5
0.17,ADOPT,0.8921675464808637,3
0.18,GOV,0.8539005826025555,4
0.18,CONN,0.9822321999603341,2
0.18,SKILL,1.0,1
0.18,AFFORD,0.17088025348411687,6
0.18,TRUST,0.6955652390112415,5
0.18,ADOPT,0.888732817393755,3
0.19,GOV,0.8566580096652004,4
0.19,CONN,0.9811138178426052,2
0.19,SKILL,1.0,1
0.19,AFFORD,0.17545812654261442,6
0.19,TRUST,0.6970221333287686,5
0.19,ADOPT,0.8852922260941164,3
0.2,GOV,0.8594024013279256,4
0.2,CONN,0.9799960186636462,2
0.2,SKILL,1.0,1
0.2,AFFORD,0.18003540103239443,6
0.2,TRUST,0.698472816812448,5
0.2,ADOPT,0.8818458817150379,3
0.21,GOV,0.8621338429340512,4
0.21,CONN,0.9788788371107231,2
0.21,SKILL,1.0,1
0.21,AFFORD,0.18461201783275433,6
0.21,TRUST,0.6999172910389462,5
0.21,ADOPT,0.8783938921126815,3
0.22,GOV,0.8648524190071373,4
0.22,CONN,0.977762307244438,2
0.22,SKILL,1.0,1
0.22,AFFORD,0.18918791863364673,6
0.22,TRUST,0.7013555579143634,5
0.22,ADOPT,0.8749363638831655,3
0.23,GOV,0.8675582132619006,4
0.23,CONN,0.9766464625091391,2
0.23,SKILL,1.0,1
0.23,AFFORD,0.19376304592437746,6
0.23,TRUST,0.702787619667699,5
0.23,ADOPT,0.8714734023791674,3
0.24,GOV,0.8702513086149455,3
0.24,CONN,0.9755313357431367,2
0.24,SKILL,1.0,1
0.24,AFFORD,0.19833734298249142,6
0.24,TRUST,0.7042134788444309,5
0.24,ADOPT,0.8680051117262644,4
0.25,GOV,0.8729317871953164,3
0.25,CONN,0.9744169591887337,2
0.25,SKILL,1.0,1
0.25,AFFORD,0.20291075386284105,6
0.25,TRUST,0.7056331383002135,5
0.25,ADOPT,0.8645315948390032,4
0.26,GOV,0.8755997303548787,3
0.26,CONN,0.9733033645020767,2
0.26,SKILL,1.0,1
0.26,AFFORD,0.2074832233868353,6
0.26,TRUST,0.7070466011946868,5
0.26,ADOPT,0.8610529534367222,4
0.27,GOV,0.8782552186785207,3
0.27,CONN,0.9721905827628192,2
0.27,SKILL,1.0,1
0.27,AFFORD,0.21205469713186384,6
0.27,TRUST,0.7084538709853938,5
0.27,ADOPT,0.8575692880591084,4
0.28,GOV,0.8808983319941935,3
0.28,CONN,0.9710786444836159,2
0.28,SKILL,1.0,1
0.28,AFFORD,0.21662512142089504,6
0.28,TRUST,0.7098549514218091,5
0.28,ADOPT,0.8540806980815178,4
0.29,GOV,0.8835291493827833,3
0.29,CONN,0.9699675796194421,2
0.29,SKILL,1.0,1
0.29,AFFORD,0.22119444331224278,6
0.29,TRUST,0.7112498465394732,5
0.29,ADOPT,0.8505872817300437,4
0.3,GOV,0.8861477491878185,3
0.3,CONN,0.9688574175767459,2
0.3,SKILL,1.0,1
0.3,AFFORD,0.2257626105894995,6
0.3,TRUST,0.7126385606542295,5
0.3,ADOPT,0.8470891360963521,4
0.31,GOV,0.8887542090250222,3
0.31,CONN,0.9677481872224318,2
0.31,SKILL,1.0,1
0.31,AFFORD,0.23032957175163185,6
0.31,TRUST,0.7140210983565639,5
0.31,ADOPT,0.8435863571522767,4
0.32,GOV,0.8913486057917058,3
0.32,CONN,0.9666399168926868,2
0.32,SKILL,1.0,1
0.32,AFFORD,0.23489527600323634,6
0.32,TRUST,0.7153974645060458,5
0.32,ADOPT,0.8400790397641925,4
0.33,GOV,0.8939310156760114,3
0.33,CONN,0.9655326344016466,2
0.33,SKILL,1.0,1
0.33,AFFORD,0.23945967324495138,6
0.33,TRUST,0.716767664225867,5
0.33,ADOPT,0.8365672777071578,4
0.34,GOV,0.8965015141660012,3
0.34,CONN,0.9644263670499041,2
0.34,SKILL,1.0,1
0.34,AFFORD,0.24402271406402343,6
0.34,TRUST,0.7181317028974755,5
0.34,ADOPT,0.8330511636788359,4
0.35,GOV,0.8990601760586032,3
0.35,CONN,0.963321141632871,2
0.35,SKILL,1.0,1
0.35,AFFORD,0.24858434972502252,6
0.35,TRUST,0.7194895861553061,5
0.35,ADOPT,0.8295307893132038,4
0.36,GOV,0.9016070754684107,3
0.36,CONN,0.9622169844489863,2
0.36,SKILL,1.0,1
0.36,AFFORD,0.2531445321607077,6
0.36,TRUST,0.7208413198816043,5
0.36,ADOPT,0.8260062451940448,4
0.37,GOV,0.9041422858363384,3
0.37,CONN,0.9611139213077783,2
0.37,SKILL,1.0,1
0.37,AFFORD,0.25770321396303475,6
0.37,TRUST,0.7221869102013359,5
0.37,ADOPT,0.8224776208682317,4
0.38,GOV,0.9066658799381426,3
0.38,CONN,0.9600119775377894,2
0.38,SKILL,1.0,1
0.38,AFFORD,0.2622603483743087,6
0.38,TRUST,0.7235263634771942,5
0.38,ADOPT,0.8189450048588112,4
0.39,GOV,0.9091779298928032,3
0.39,CONN,0.958911177994354,2
0.39,SKILL,1.0,1
0.39,AFFORD,0.26681588927847405,6
0.39,TRUST,0.7248596863046898,5
0.39,ADOPT,0.815408484677878,4
0.4,GOV,0.9116785071707716,3
0.4,CONN,0.9578115470672439,2
0.4,SKILL,1.0,1
0.4,AFFORD,0.2713697911925425,6
0.4,TRUST,0.7261868855073256,5
0.4,ADOPT,0.8118681468392598,4
0.41,GOV,0.914167682602088,3
0.41,CONN,0.956713108688176,2
0.41,SKILL,1.0,1
0.41,AFFORD,0.27592200925815524,6
0.41,TRUST,0.7275079681318606,5
0.41,ADOPT,0.8083240768710065,4
0.42,GOV,0.9166455263843696,3
0.42,CONN,0.9556158863381916,2
0.42,SKILL,1.0,1
0.42,AFFORD,0.2804724992332768,6
0.42,TRUST,0.728822941443653,5
0.42,ADOPT,0.8047763593276863,4
0.43,GOV,0.9191121080906722,3
0.43,CONN,0.9545199030549025,2
0.43,SKILL,1.0,1
0.43,AFFORD,0.2850212174840176,6
0.43,TRUST,0.7301318129220856,5
0.43,ADOPT,0.8012250778024995,4
0.44,GOV,0.9215674966772273,3
0.44,CONN,0.9534251814396159,2
0.44,SKILL,1.0,1
0.44,AFFORD,0.28956812097658485,6
0.44,TRUST,0.7314345902560734,5
0.44,ADOPT,0.7976703149392086,4
0.45,GOV,0.9240117604910572,3
0.45,CONN,0.9523317436643268,2
0.45,SKILL,1.0,1
0.45,AFFORD,0.29411316726935616,6
0.45,TRUST,0.7327312813396435,5
0.45,ADOPT,0.794112152443884,4
0.46,GOV,0.9264449672774736,3
0.46,CONN,0.9512396114786008,2
0.46,SKILL,1.0,1
0.46,AFFORD,0.29865631450507774,6
0.46,TRUST,0.734021894267601,5
0.46,ADOPT,0.7905506710964828,4
0.47,GOV,0.9288671841874531,3
0.47,CONN,0.9501488062163246,2
0.47,SKILL,1.0,1
0.47,AFFORD,0.30319752140317974,6
0.47,TRUST,0.7353064373312619,5
0.47,ADOPT,0.786985950762245,4
0.48,GOV,0.9312784777849026,3
0.48,CONN,0.9490593488023498,2
0.48,SKILL,1.0,1
0.48,AFFORD,0.30773674725221173,6
0.48,TRUST,0.7365849190142648,5
0.48,ADOPT,0.783418070402924,4
0.49,GOV,0.9336789140538095,3
0.49,CONN,0.9479712597590173,2
0.49,SKILL,1.0,1
0.49,AFFORD,0.31227395190239315,6
0.49,TRUST,0.7378573479884548,5
0.49,ADOPT,0.7798471080878512,4
0.5,GOV,0.9360685584052801,3
0.5,CONN,0.9468845592125692,2
0.5,SKILL,1.0,1
0.5,AFFORD,0.31680909575827604,6
0.5,TRUST,0.7391237331098375,5
0.5,ADOPT,0.7762731410048347,4
0.51,GOV,0.938447475684472,3
0.51,CONN,0.9457992668994536,2
0.51,SKILL,1.0,1
0.51,AFFORD,0.3213421397715213,6
0.51,TRUST,0.7403840834146042,5
0.51,ADOPT,0.7726962454708972,4
0.52,GOV,0.9408157301774149,3
0.52,CONN,0.944715402172517,2
0.52,SKILL,1.0,1
0.52,AFFORD,0.32587304543378287,6
0.52,TRUST,0.7416384081152266,5
0.52,ADOPT,0.7691164969428574,4
0.53,GOV,0.9431733856177323,3
0.53,CONN,0.9436329840070965,2
0.53,SKILL,1.0,1
0.53,AFFORD,0.3304017747696997,6
0.53,TRUST,0.7428867165966178,5
0.53,ADOPT,0.7655339700277549,4
0.54,GOV,0.945520505193254,2
0.54,CONN,0.942552031007002,3
0.54,SKILL,1.0,1
0.54,AFFORD,0.3349282903299931,6
0.54,TRUST,0.7441290184123595,5
0.54,ADOPT,0.7619487384931213,4
0.55,GOV,0.9478571515525319,2
0.55,CONN,0.9414725614104011,3
0.55,SKILL,1.0,1
0.55,AFFORD,0.3394525551846687,6
0.55,TRUST,0.7453653232809968,5
0.55,ADOPT,0.7583608752771059,4
0.56,GOV,0.9501833868112535,2
0.56,CONN,0.9403945930956018,3
0.56,SKILL,1.0,1
0.56,AFFORD,0.3439745329163179,6
0.56,TRUST,0.7465956410823936,5
0.56,ADOPT,0.7547704524984493,4
0.57,GOV,0.9524992725585606,2
0.57,CONN,0.939318143586739,3
0.57,SKILL,1.0,1
0.57,AFFORD,0.3484941876135223,6
0.57,TRUST,0.7478199818541549,5
0.57,ADOPT,0.7511775414663158,4
0.58,GOV,0.9548048698632687,2
0.58,CONN,0.9382432300593624,3
0.58,SKILL,1.0,1
0.58,AFFORD,0.35301148386435316,6
0.58,TRUST,0.7490383557881053,4
0.58,ADOPT,0.7475822126899827,5
0.59,GOV,0.9571002392799954,2
0.59,CONN,0.9371698693459332,3
0.59,SKILL,1.0,1
0.59,AFFORD,0.3575263867499696,6
0.59,TRUST,0.7502507732268353,4
0.59,ADOPT,0.7439845358883899,5
0.6,GOV,0.9593854408551947,2
0.6,CONN,0.9360980779412251,3
0.6,SKILL,1.0,1
0.6,AFFORD,0.36203886183831024,6
0.6,TRUST,0.7514572446603005,4
0.6,ADOPT,0.7403845799995533,5
0.61,GOV,0.9616605341331008,2
0.61,CONN,0.935027872007639,3
0.61,SKILL,1.0,1
0.61,AFFORD,0.36654887517787815,6
0.61,TRUST,0.7526577807224836,4
0.61,ADOPT,0.7367824131898436,5
0.62,GOV,0.9639255781615819,2
0.62,CONN,0.9339592673804221,3
0.62,SKILL,1.0,1
0.62,AFFORD,0.37105639329161727,6
0.62,TRUST,0.7538523921881113,4
0.62,ADOPT,0.7331781028631306,5
0.63,GOV,0.9661806314979093,2
0.63,CONN,0.932892279572808,3
0.63,SKILL,1.0,1
0.63,AFFORD,0.3755613831708789,6
0.63,TRUST,0.7550410899694296,4
0.63,ADOPT,0.729571715669801,5
0.64,GOV,0.9684257522144368,2
0.64,CONN,0.9318269237810631,3
0.64,SKILL,1.0,1
0.64,AFFORD,0.380063812269475,6
0.64,TRUST,0.7562238851130334,4
0.64,ADOPT,0.7259633175156457,5
0.65,GOV,0.9706609979041974,2
0.65,CONN,0.9307632148894558,3
0.65,SKILL,1.0,1
0.65,AFFORD,0.3845636484978205,6
0.65,TRUST,0.7574007887967504,4
0.65,ADOPT,0.722352973570623,5
0.66,GOV,0.9728864256864177,2
0.66,CONN,0.9297011674751371,3
0.66,SKILL,1.0,1
0.66,AFFORD,0.38906086021715813,6
0.66,TRUST,0.7585718123265791,4
0.66,ADOPT,0.7187407482774978,5
0.67,GOV,0.9751020922119502,2
0.67,CONN,0.928640795812947,3
0.67,SKILL,1.0,1
0.67,AFFORD,0.3935554162338697,6
0.67,TRUST,0.7597369671336798,4
0.67,ADOPT,0.71512670536036,5
0.68,GOV,0.977308053668622,2
0.68,CONN,0.9275821138801336,3
0.68,SKILL,1.0,1
0.68,AFFORD,0.3980472857938663,6
0.68,TRUST,0.7608962647714145,4
0.68,ADOPT,0.7115109078330218,5
0.69,GOV,0.9795043657865133,2
0.69,CONN,0.9265251353610027,3
0.69,SKILL,1.0,1
0.69,AFFORD,0.4025364385770624,6
0.69,TRUST,0.7620497169124419,4
0.69,ADOPT,0.7078934180073021,5
0.7,GOV,0.981691083843148,2
0.7,CONN,0.9254698736514838,3
0.7,SKILL,1.0,1
0.7,AFFORD,0.4070228446919283,6
0.7,TRUST,0.7631973353458588,4
0.7,ADOPT,0.7042742975011905,5
0.71,GOV,0.9838682626686169,2
0.71,CONN,0.9244163418636251,3
0.71,SKILL,1.0,1
0.71,AFFORD,0.411506474670119,6
0.71,TRUST,0.7643391319743903,4
0.71,ADOPT,0.7006536072469011,5
0.72,GOV,0.9860359566506219,2
0.72,CONN,0.9233645528300138,3
0.72,SKILL,1.0,1
0.72,AFFORD,0.41598729946118285,6
0.72,TRUST,0.7654751188116318,4
0.72,ADOPT,0.6970314074988152,5
0.73,GOV,0.9881942197394474,2
0.73,CONN,0.9223145191081243,3
0.73,SKILL,1.0,1
0.73,AFFORD,0.4204652904273428,6
0.73,TRUST,0.7666053079793332,4
0.73,ADOPT,0.6934077578413133,5
0.74,GOV,0.9903431054528605,2
0.74,CONN,0.9212662529845946,3
0.74,SKILL,1.0,1
0.74,AFFORD,0.4249404193383538,6
0.74,TRUST,0.7677297117047338,4
0.74,ADOPT,0.689782717196499,5
0.75,GOV,0.9924826668809402,2
0.75,CONN,0.9202197664794332,3
0.75,SKILL,1.0,1
0.75,AFFORD,0.42941265836643144,6
0.75,TRUST,0.7688483423179399,4
0.75,ADOPT,0.6861563438318187,5
0.76,GOV,0.9946129566908358,2
0.76,CONN,0.9191750713501594,3
0.76,SKILL,1.0,1
0.76,AFFORD,0.43388198008125395,6
0.76,TRUST,0.7699612122493493,4
0.76,ADOPT,0.6825286953675763,5
0.77,GOV,0.9967340271314588,2
0.77,CONN,0.9181321790958744,3
0.77,SKILL,1.0,1
0.77,AFFORD,0.4383483574450334,6
0.77,TRUST,0.7710683340271185,4
0.77,ADOPT,0.6788998287843458,5
0.78,GOV,0.9988459300381054,2
0.78,CONN,0.9170911009612663,3
0.78,SKILL,1.0,1
0.78,AFFORD,0.4428117638076561,6
0.78,TRUST,0.772169720274673,4
0.78,ADOPT,0.6752698004302823,5
0.79,GOV,1.0,1
0.79,CONN,0.9151835978523096,3
0.79,SKILL,0.9990521823735254,2
0.79,AFFORD,0.44684824045258414,6
0.79,TRUST,0.7725324691476408,4
0.79,ADOPT,0.671002075062052,5
0.8,GOV,1.0,1
0.8,CONN,0.9122389996820343,3
0.8,SKILL,0.9969667898057617,2
0.8,AFFORD,0.45035936813576266,6
0.8,TRUST,0.7720065546319936,4
0.8,ADOPT,0.6659802766163385,5
